{"cameraMode":{"drawMode":0,"name":"Shaded","section":"Shading Mode"},"sceneLighting":true,"audioPlay":false,"sceneViewState":{"m_AlwaysRefresh":false,"showFog":false,"showSkybox":false,"showFlares":false,"showImageEffects":false,"showParticleSystems":false,"showVisualEffectGraphs":true,"m_FxEnabled":true},"in2DMode":false,"pivot":{"x":382.31341552734377,"y":286.13287353515627,"z":-47.78338623046875},"rotation":{"x":0.0029969268944114448,"y":0.04498477652668953,"z":-0.00013501892681233585,"w":0.9989843368530273},"size":581.5803833007813,"orthographic":false}